first_name,last_name,Phone,email
Christopher,Thompson,919-902-9049,christoperthompson@gmail.com
Lynn,Madrid,989-685-6300,lymmmadrid@gmail.com
Donald,Wheeler,252-315-7813,donaldwheeler@gmail.com
Margaret,Washington,936-854-0533,margaretwashington@gmail.com
William,Olivarez,856-855-0612,williamolivaraz@gmail.com
Larry,Henson,515-314-7896,larryhenson@gmail.com
Ladonna,Hughes,601-637-7771,ladonnahugjes@gmail.com
Joshua,Tinker,757-413-7159,joshuatinker@gmail.com
Damian,Salley,330-302-5687,damiansalley@gmail.com
Joyce,Hollins,412-374-0949,joycehollins@gmail.com
Jan,Schuman,775-243-7818,janschuman@gmail.com
Millie,Richards,802-694-4273,millierichards@gmail.com
Mary,Navarrete,601-986-1079,marynavarrete@gmail.com
Maggie,Noble,432-332-0287,maggienoble@gmail.com
Doris,Evans,803-744-0440,dorisevans@gmail.com
